# REACTION,reaction name,,dep1,dep2,dep3,dep4,A,n,E,,Reference,
,,,,,,,,,,,,
1,initiation reaction,,type radical 1,type radical 2,,,,,,,,
1_me_me,,,me,me,,,5.00E+16,0,85000,,mamox,
1_me_et,,,me,et,,,5.00E+16,0,83500,,mamox,
1_me_P,,,me,P,,,1.05E+31,-4.24,89500,,"C.K. Westbrook, W.J. Pitz, O. Herbinet, H.J. Curran, E.J. Silke, A comprehensive detailed chemical kinetic reaction mechanism for combustion of n-alkane hydrocarbons from n-octane to n-hexadecane, Combust. Flame 156 (2009) 181-199",
1_me_S,,,me,S,,,8.69E+23,-2.019,87290,,"S.M. Sarathy, C.K. Westbrook, M. Mehl, W.J. Pitz, C. Togbe, P. Dagaut, H. Wang, M.A. Oehlschlaeger, U. Niemann, K. Seshadri, P.S. Veloo, C. Ji, F.N. Egolfopoulos, T. Lu, Comprehensive chemical kinetic modeling of the oxidation of 2-methylalkanes from C7 to C20, Combust. Flame 158 (2011) 2338-2357",
1_me_T,,,me,T,,,1.09E+27,-2.79,83930,,"H.J. Curran, P. Gaffuri, W.J. Pitz, C.K. Westbrook, A comprehensive modeling study of iso-octane oxidation, Combust. Flame 129 (2002) 253-280",
1_et_et,,,et,et,,,5.00E+16,0,82000,,mamox,
1_et_P,,,et,P,,,5.00E+16,0,81500,,mamox,
1_et_S,,,et,S,,,5.00E+16,0,79500,,mamox,
1_et_T,,,et,T,,,5.00E+16,0,77500,,mamox,
1_P_P,,,P,P,,,7.66E+32,-4.85,87800,,"C.K. Westbrook, W.J. Pitz, O. Herbinet, H.J. Curran, E.J. Silke, A comprehensive detailed chemical kinetic reaction mechanism for combustion of n-alkane hydrocarbons from n-octane to n-hexadecane, Combust. Flame 156 (2009) 181-199",
1_P_S,,,P,S,,,2.94E+26,-2.659,86860,,"S.M. Sarathy, C.K. Westbrook, M. Mehl, W.J. Pitz, C. Togbe, P. Dagaut, H. Wang, M.A. Oehlschlaeger, U. Niemann, K. Seshadri, P.S. Veloo, C. Ji, F.N. Egolfopoulos, T. Lu, Comprehensive chemical kinetic modeling of the oxidation of 2-methylalkanes from C7 to C20, Combust. Flame 158 (2011) 2338-2357",
1_P_T,,,P,T,,,1.57E+30,-3.93,84150,,"H.J. Curran, P. Gaffuri, W.J. Pitz, C.K. Westbrook, A comprehensive modeling study of iso-octane oxidation, Combust. Flame 129 (2002) 253-280",
1_S_S,,,S,S,,,5.00E+16,0,77000,,mamox,
1_S_T,,,S,T,,,5.00E+16,0,75000,,mamox,
1_T_T,,,T,T,,,5.00E+16,0,73000,,mamox,
,,,,,,,,,,,,
2,h abstraction,,attacking radical,type of attacked carbon,,,,,,,mamox,
2_O2_P,per H,,O2,P,,,7.00E+12,0,52800,,"C.K. Westbrook, W.J. Pitz, O. Herbinet, H.J. Curran, E.J. Silke, A comprehensive detailed chemical kinetic reaction mechanism for combustion of n-alkane hydrocarbons from n-octane to n-hexadecane, Combust. Flame 156 (2009) 181-199",
2_O2_S,,,O2,S,,,7.00E+12,0,50160,,"C.K. Westbrook, W.J. Pitz, O. Herbinet, H.J. Curran, E.J. Silke, A comprehensive detailed chemical kinetic reaction mechanism for combustion of n-alkane hydrocarbons from n-octane to n-hexadecane, Combust. Flame 156 (2009) 181-199",
2_O2_T,,,O2,T,,,7.00E+12,0,48000,,"S.M. Sarathy, C.K. Westbrook, M. Mehl, W.J. Pitz, C. Togbe, P. Dagaut, H. Wang, M.A. Oehlschlaeger, U. Niemann, K. Seshadri, P.S. Veloo, C. Ji, F.N. Egolfopoulos, T. Lu, Comprehensive chemical kinetic modeling of the oxidation of 2-methylalkanes from C7 to C20, Combust. Flame 158 (2011) 2338-2357",
2_OH_P,,,OH,P,,,4.57E+06,1.813,868,,"C.K. Westbrook, W.J. Pitz, O. Herbinet, H.J. Curran, E.J. Silke, A comprehensive detailed chemical kinetic reaction mechanism for combustion of n-alkane hydrocarbons from n-octane to n-hexadecane, Combust. Flame 156 (2009) 181-199",
2_OH_S,,,OH,S,,,3.53E+09,0.935,505,,"C.K. Westbrook, W.J. Pitz, O. Herbinet, H.J. Curran, E.J. Silke, A comprehensive detailed chemical kinetic reaction mechanism for combustion of n-alkane hydrocarbons from n-octane to n-hexadecane, Combust. Flame 156 (2009) 181-200",
2_OH_T,,,OH,T,,,4.84E+06,1.84,-1000,,"S.M. Sarathy, C.K. Westbrook, M. Mehl, W.J. Pitz, C. Togbe, P. Dagaut, H. Wang, M.A. Oehlschlaeger, U. Niemann, K. Seshadri, P.S. Veloo, C. Ji, F.N. Egolfopoulos, T. Lu, Comprehensive chemical kinetic modeling of the oxidation of 2-methylalkanes from C7 to C20, Combust. Flame 158 (2011) 2338-2357",
2_H_P,,,H,P,,,5.80E+04,2.69,6450,,"C.K. Westbrook, W.J. Pitz, O. Herbinet, H.J. Curran, E.J. Silke, A comprehensive detailed chemical kinetic reaction mechanism for combustion of n-alkane hydrocarbons from n-octane to n-hexadecane, Combust. Flame 156 (2009) 181-199",
2_H_S,,,H,S,,,6.50E+05,2.4,4471,,"C.K. Westbrook, W.J. Pitz, O. Herbinet, H.J. Curran, E.J. Silke, A comprehensive detailed chemical kinetic reaction mechanism for combustion of n-alkane hydrocarbons from n-octane to n-hexadecane, Combust. Flame 156 (2009) 181-199",
2_H_T,,,H,T,,,6.02E+05,2.4,2583,,"S.M. Sarathy, C.K. Westbrook, M. Mehl, W.J. Pitz, C. Togbe, P. Dagaut, H. Wang, M.A. Oehlschlaeger, U. Niemann, K. Seshadri, P.S. Veloo, C. Ji, F.N. Egolfopoulos, T. Lu, Comprehensive chemical kinetic modeling of the oxidation of 2-methylalkanes from C7 to C20, Combust. Flame 158 (2011) 2338-2357",
2_O_P,,,O,P,,,3.50E+05,2.424,4766,,"C.K. Westbrook, W.J. Pitz, O. Herbinet, H.J. Curran, E.J. Silke, A comprehensive detailed chemical kinetic reaction mechanism for combustion of n-alkane hydrocarbons from n-octane to n-hexadecane, Combust. Flame 156 (2009) 181-199",
2_O_S,,,O,S,,,2.98E+05,2.439,2846,,"C.K. Westbrook, W.J. Pitz, O. Herbinet, H.J. Curran, E.J. Silke, A comprehensive detailed chemical kinetic reaction mechanism for combustion of n-alkane hydrocarbons from n-octane to n-hexadecane, Combust. Flame 156 (2009) 181-199",
2_O_T,,,O,T,,,3.97E+05,2.401,1150,,"S.M. Sarathy, C.K. Westbrook, M. Mehl, W.J. Pitz, C. Togbe, P. Dagaut, H. Wang, M.A. Oehlschlaeger, U. Niemann, K. Seshadri, P.S. Veloo, C. Ji, F.N. Egolfopoulos, T. Lu, Comprehensive chemical kinetic modeling of the oxidation of 2-methylalkanes from C7 to C20, Combust. Flame 158 (2011) 2338-2357",
2_HO2_P,,,HO2,P,,,6.80E+00,3.59,17160,,"K. Zhang, C. Banyon, U. Burke, G. Kukkadapu, S.W. Wagnon, M. Mehl, H.J. Curran, C.K. Westbrook, W.J. Pitz, An experimental and kinetic modeling study of the oxidation of hexane isomers: Developing consistent reaction rate rules for alkanes, Combust. Flame 206 (2019) 123-137.",
2_HO2_S,,,HO2,S,,,4.74E+01,3.37,13720,,"K. Zhang, C. Banyon, U. Burke, G. Kukkadapu, S.W. Wagnon, M. Mehl, H.J. Curran, C.K. Westbrook, W.J. Pitz, An experimental and kinetic modeling study of the oxidation of hexane isomers: Developing consistent reaction rate rules for alkanes, Combust. Flame 206 (2019) 123-137.",
2_HO2_T,,,HO2,T,,,6.50E+02,3.01,12090,,"K. Zhang, C. Banyon, U. Burke, G. Kukkadapu, S.W. Wagnon, M. Mehl, H.J. Curran, C.K. Westbrook, W.J. Pitz, An experimental and kinetic modeling study of the oxidation of hexane isomers: Developing consistent reaction rate rules for alkanes, Combust. Flame 206 (2019) 123-137.",
2_CH3_P,,,CH3,P,,,1.51E-01,3.65E+00,7154,,"C.K. Westbrook, W.J. Pitz, O. Herbinet, H.J. Curran, E.J. Silke, A comprehensive detailed chemical kinetic reaction mechanism for combustion of n-alkane hydrocarbons from n-octane to n-hexadecane, Combust. Flame 156 (2009) 181-199",
2_CH3_S,,,CH3,S,,,4.20E+04,2.13E+00,7574,,"C.K. Westbrook, W.J. Pitz, O. Herbinet, H.J. Curran, E.J. Silke, A comprehensive detailed chemical kinetic reaction mechanism for combustion of n-alkane hydrocarbons from n-octane to n-hexadecane, Combust. Flame 156 (2009) 181-199",
2_CH3_T,,,CH3,T,,,6.01E-10,6.36,893,,"S.M. Sarathy, C.K. Westbrook, M. Mehl, W.J. Pitz, C. Togbe, P. Dagaut, H. Wang, M.A. Oehlschlaeger, U. Niemann, K. Seshadri, P.S. Veloo, C. Ji, F.N. Egolfopoulos, T. Lu, Comprehensive chemical kinetic modeling of the oxidation of 2-methylalkanes from C7 to C20, Combust. Flame 158 (2011) 2338-2357",
2_C2H5_P,,,C2H5,P,,,3.10E+09,0,5850,,,
2_C2H5_S,,,C2H5,S,,,3.10E+09,0,5850,,,
2_C2H5_T,,,C2H5,T,,,3.10E+09,0,5850,,,
,,,,,,,,,,,,
3,isomerization R,,Type of radical,type of hydrogen,type of ring,,,,,,mamox,
3_P_P_5,,,P,P,5,,9.45E+11,0,20600,,,
3_P_P_6,,,P,P,6,,1.50E+11,0,14500,,,
3_P_P_7,,,P,P,7,,60000000000,0,19500,,,
3_P_S_5,,,P,S,5,,9.45E+11,0,18300,,,
3_P_S_6,,,P,S,6,,1.50E+11,0,12200,,,
3_P_S_7,,,P,S,7,,60000000000,0,17200,,,
3_P_T_5,,,P,T,5,,9.45E+11,0,16100,,,
3_P_T_6,,,P,T,6,,1.50E+11,0,10000,,,
3_P_T_7,,,P,T,7,,60000000000,0,15000,,,
3_S_P_5,,,S,P,5,,9.45E+11,0,21600,,,
3_S_P_6,,,S,P,6,,1.50E+11,0,15500,,,
3_S_P_7,,,S,P,7,,60000000000,0,20500,,,
3_S_S_5,,,S,S,5,,9.45E+11,0,19300,,,
3_S_S_6,,,S,S,6,,1.50E+11,0,13200,,,
3_S_S_7,,,S,S,7,,60000000000,0,18200,,,
3_S_T_5,,,S,T,5,,9.45E+11,0,17100,,,
3_S_T_6,,,S,T,6,,1.50E+11,0,11000,,,
3_S_T_7,,,S,T,7,,60000000000,0,16000,,,
3_T_P_5,,,T,P,5,,9.45E+11,0,22600,,,
3_T_P_6,,,T,P,6,,1.50E+11,0,16500,,,
3_T_P_7,,,T,P,7,,60000000000,0,21500,,,
3_T_S_5,,,T,S,5,,9.45E+11,0,20300,,,
3_T_S_6,,,T,S,6,,1.50E+11,0,14200,,,
3_T_S_7,,,T,S,7,,60000000000,0,19200,,,
3_T_T_5,,,T,T,5,,9.45E+11,0,18100,,,
3_T_T_6,,,T,T,6,,1.50E+11,0,12000,,,
3_T_T_7,,,T,T,7,,60000000000,0,17000,,,
,,,,,,,,,,,,
4,R beta decomposition,,type decomposing radical,type expelled radical,,,,,,,mamox,
4_P_me,,,P,me,,,1.00E+14,0,32000,,,
4_P_et,,,P,et,,,1.00E+14,0,30000,,,
4_P_P,,,P,P,,,1.00E+14,0,30000,,,
4_P_S,,,P,S,,,1.00E+14,0,28000,,,
4_P_T,,,P,T,,,1.00E+14,0,27000,,,
4_S_me,,,S,me,,,1.00E+14,0,33000,,,
4_S_et,,,S,et,,,1.00E+14,0,31000,,,
4_S_P,,,S,P,,,1.00E+14,0,31000,,,
4_S_S,,,S,S,,,1.00E+14,0,29000,,,
4_S_T,,,S,T,,,1.00E+14,0,28000,,,
4_T_me,,,T,me,,,1.00E+14,0,33500,,,
4_T_et,,,T,et,,,1.00E+14,0,31500,,,
4_T_P,,,T,P,,,1.00E+14,0,31500,,,
4_T_S,,,T,S,,,1.00E+14,0,29500,,,
4_T_T,,,T,T,,,1.00E+14,0,28500,,,
,,,,,,,,,,,,
5,Olefins from R + O2,,,,,,,,,,mamox,
5,per H,,,,,,1.50E+08,0,3500,,,
,,,,,,,,,,,,
6,O2 addition to R,,type of radical site,,,,,,,,"A. Miyoshi, Int. J. Chem. Kinet. 44 (1) (2012) 59-74.",
6_P,,,P,,,,6.86E+16,-1.627,199,,,
6_S,,,S,,,,3.49E+14,-0.816,-536,,,
6_T,,,T,,,,9.75E+11,0.325,-417,,,
,,,,,,,,,,,,
-6,O2 removal from ROO,,type of radical site,,,,,,,,[1] mamox,
-6_P,,,P,,,,3.00E+13,0,30000,,[1],
-6_S,,,S,,,,3.00E+13,0,28000,,[1] modified Ea-2kcal,
-6_T,,,T,,,,3.00E+13,0,26000,,[1] modified Ea-4kcal,
,,,,,,,,,,,,
7,isomerization ROO,,C-OO type,C-H type,ring type,,,,,,"K. Zhang, C. Banyon, U. Burke, G. Kukkadapu, S.W. Wagnon, M. Mehl, H.J. Curran, C.K. Westbrook, W.J. Pitz, An experimental and kinetic modeling study of the oxidation of hexane isomers: Developing consistent reaction rate rules for alkanes, Combust. Flame 206 (2019) 123-137.",
7_P_P_5,per H,,P,P,5,,1.41E+11,0.2,34200,,"S. Sharma, S. Raman, W.H. Green, J. Phys. Chem. A 114 (18) (2010) 5689-5701",
7_P_S_5,,,P,S,5,,2.01E+08,1.1,30100,,,
7_P_T_5,,,P,T,5,,2.31E+09,0.8,27100,,,
7_S_P_5,,,S,P,5,,4.86E+08,1.1,33500,,,
7_S_S_5,,,S,S,5,,8.58E+08,0.9,29500,,,
7_S_T_5,,,S,T,5,,7.45E+09,0.6,27300,,,
7_T_P_5,,,T,P,5,,5.02E+08,1.2,33500,,,
7_T_S_5,,,T,S,5,,3.26E+09,0.7,30100,,,
7_T_T_5,,,T,T,5,,3.47E+10,0.4,26400,,,
7_P_P_6,,,P,P,6,,1.19E+06,1.6,21000,,,
7_P_S_6,,,P,S,6,,6.80E+06,1.3,18200,,,
7_P_T_6,,,P,T,6,,1.23E+07,1.2,15400,,,
7_S_P_6,,,S,P,6,,4.80E+06,1.4,20800,,,
7_S_S_6,,,S,S,6,,3.52E+10,0.2,18500,,,
7_S_T_6,,,S,T,6,,6.15E+06,1.2,15400,,,
7_T_P_6,,,T,P,6,,5.01E+07,1.1,21900,,,
7_T_S_6,,,T,S,6,,1.76E+10,0.2,18500,,,
7_T_T_6,,,T,T,6,,6.15E+06,1.2,15400,,,
7_P_P_7,,,P,P,7,,4.11E+05,1.5,20000,,,
7_P_S_7,,,P,S,7,,1.86E+06,1.2,16600,,,
7_P_T_7,,,P,T,7,,1.71E+06,1.2,13800,,,
7_S_P_7,,,S,P,7,,4.11E+05,1.5,20000,,,
7_S_S_7,,,S,S,7,,1.86E+06,1.2,16600,,,
7_S_T_7,,,S,T,7,,1.71E+06,1.2,13800,,,
7_T_P_7,,,T,P,7,,4.11E+05,1.5,20000,,,
7_T_S_7,,,T,S,7,,1.86E+06,1.2,16600,,,
7_T_T_7,,,T,T,7,,1.71E+06,1.2,13800,,,
,,,,,,,,,,,"[8] S.M. Villano, L.K. Huynh, H.-H. Carstensen, A.M. Dean, High-Pressure Rate Rules for Alkyl + O2 Reactions. 2. The Isomerization, Cyclic Ether Formation, and ?-Scission Reactions of Hydroperoxy Alkyl Radicals, J. Phys. Chem. A 116 (2012) 5068-5089.",
-7,QOOH isomerization,,C-OO type,C-H type,ring type,,,,,,,
-7_P_P_5,,,P,P,5,,1.83E+08,0.99,13800,,[8] modified A*2,
-7_P_S_5,,,P,S,5,,2.32E+06,1.5,13900,,[8] modified A*2,
-7_P_T_5,,,P,T,5,,3.34E+04,2.01,13500,,[8] modified A*2,
-7_S_P_5,,,S,P,5,,1.83E+08,0.99,13800,,[8] modified A*2,
-7_S_S_5,,,S,S,5,,2.32E+06,1.5,13900,,[8] modified A*2,
-7_S_T_5,,,S,T,5,,3.34E+04,2.01,13500,,[8] modified A*2,
-7_T_P_5,,,T,P,5,,1.83E+08,0.99,13800,,[8] modified A*2,
-7_T_S_5,,,T,S,5,,2.32E+06,1.5,13900,,[8] modified A*2,
-7_T_T_5,,,T,T,5,,3.34E+04,2.01,13500,,[8] modified A*2,
-7_P_P_6,,,P,P,6,,5.54E+08,0.62,4800,,[8] modified A*2,
-7_P_S_6,,,P,S,6,,7.16E+07,0.86,5000,,[8] modified A*2,
-7_P_T_6,,,P,T,6,,1.19E+06,1.32,4400,,[8] modified A*2,
-7_S_P_6,,,S,P,6,,5.54E+08,0.62,4800,,[8] modified A*2,
-7_S_S_6,,,S,S,6,,7.16E+07,0.86,5000,,[8] modified A*2,
-7_S_T_6,,,S,T,6,,1.19E+06,1.32,4400,,[8] modified A*2,
-7_T_P_6,,,T,P,6,,5.54E+08,0.62,4800,,[8] modified A*2,
-7_T_S_6,,,T,S,6,,7.16E+07,0.86,5000,,[8] modified A*2,
-7_T_T_6,,,T,T,6,,1.19E+06,1.32,4400,,[8] modified A*2,
-7_P_P_7,,,P,P,7,,4.44E+07,0.69,4200,,[8] modified A*2,
-7_P_S_7,,,P,S,7,,3.38E+05,1.29,3200,,[8] modified A*2,
-7_P_T_7,,,P,T,7,,3.18E+06,0.98,3600,,[8] modified A*2,
-7_S_P_7,,,S,P,7,,4.44E+07,0.69,4200,,[8] modified A*2,
-7_S_S_7,,,S,S,7,,3.38E+05,1.29,3200,,[8] modified A*2,
-7_S_T_7,,,S,T,7,,3.18E+06,0.98,3600,,[8] modified A*2,
-7_T_P_7,,,T,P,7,,4.44E+07,0.69,4200,,[8] modified A*2,
-7_T_S_7,,,T,S,7,,3.38E+05,1.29,3200,,[8] modified A*2,
-7_T_T_7,,,T,T,7,,3.18E+06,0.98,3600,,[8] modified A*2,
,,,,,,,,,,,,[1] mamox
8,O2 addition to QOOH,,radical type,,,,,,,,"K. Zhang, C. Banyon, U. Burke, G. Kukkadapu, S.W. Wagnon, M. Mehl, H.J. Curran, C.K. Westbrook, W.J. Pitz, An experimental and kinetic modeling study of the oxidation of hexane isomers: Developing consistent reaction rate rules for alkanes, Combust. Flame 206 (2019) 123-137.",
8_P,,,P,,,,3.43E+16,-1.627,199,,,
8_S,,,S,,,,1.74E+14,-0.816,-536,,,
8_T,,,T,,,,4.88E+11,0.325,-417,,,
,,,,,,,,,,,,
-8,O2 removal from OOQOOH,,radical type,,,,,,,,,
-8_P,,,P,,,,3.00E+13,0,30000,,[1],
-8_S,,,S,,,,3.00E+13,0,28000,,[1] modified Ea-2kcal,
-8_T,,,T,,,,3.00E+13,0,26000,,[1] modified Ea-4kcal,
,,,,,,,,,,,,
9,Conversion of OOQOOH to KHP,,C-OO type,C-OOH type,ring type,,,,,,"K. Zhang, C. Banyon, U. Burke, G. Kukkadapu, S.W. Wagnon, M. Mehl, H.J. Curran, C.K. Westbrook, W.J. Pitz, An experimental and kinetic modeling study of the oxidation of hexane isomers: Developing consistent reaction rate rules for alkanes, Combust. Flame 206 (2019) 123-137.",
9_P_S_5,per COOH hydrogen,,P,S,5,,2.76E+08,1.2,25700,,"S. Sharma, S. Raman, W.H. Green, J. Phys. Chem. A 114 (18) (2010) 5689-5701.",
9_S_P_5,,,S,P,5,,1.22E+07,1.6,27900,,,
9_S_S_5,,,S,S,5,,1.75E+08,1.7,26000,,,
9_T_P_5,,,T,P,5,,1.83E+07,1.6,27900,,,
9_T_S_5,,,T,S,5,,2.62E+08,1.7,26000,,,
9_P_P_6,,,P,P,6,,2.59E+04,1.9,18800,,,
9_P_S_6,,,P,S,6,,5.79E+01,2.9,17000,,,
9_S_P_6,,,S,P,6,,5.49E+03,2.4,19900,,,
9_S_S_6,,,S,S,6,,1.75E+02,3.1,17500,,,
9_T_P_6,,,T,P,6,,8.23E+03,2.4,19900,,,
9_T_S_6,,,T,S,6,,2.63E+02,3.1,16500,,,
9_P_P_7,,,P,P,7,,2.38E+03,1.7,16600,,,
9_P_S_7,,,P,S,7,,3.77E+02,2.2,15300,,,
9_S_P_7,,,S,P,7,,6.28E+02,2.2,17400,,,
9_S_S_7,,,S,S,7,,2.54E+02,2.6,16200,,,
9_T_P_7,,,T,P,7,,9.42E+02,2.2,16400,,,
9_T_S_7,,,T,S,7,,2.54E+02,2.6,16200,,,
,,,,,,,,,,,,
10,KHP decomposition,,C-OOH type,,,,,,,,"K. Zhang, C. Banyon, U. Burke, G. Kukkadapu, S.W. Wagnon, M. Mehl, H.J. Curran, C.K. Westbrook, W.J. Pitz, An experimental and kinetic modeling study of the oxidation of hexane isomers: Developing consistent reaction rate rules for alkanes, Combust. Flame 206 (2019) 123-137.",
10_P,,,P,,,,1.50E+16,0,40800,,"K. Zhang, C. Banyon, J. Bugler, H.J. Curran, A. Rodriguez, O. Herbinet, F. Battin-Leclerc, C. B'Chir, K.A. Heufer, Combust. Flame 172 (2016) 116-135.",
10_S,,,S,,,,1.05E+16,0,41800,,,
10_T,,,T,,,,6.00E+15,0,41300,,,
,,,,,,,,,,,,
11,Olefins parent from ROO,,C-OO type,C-H type,,,,,,,,
11_P_S,per C-H number of hydrogens,,P,S,,,1.94E+07,1.58,28500,,"K. Zhang, C. Banyon, U. Burke, G. Kukkadapu, S.W. Wagnon, M. Mehl, H.J. Curran, C.K. Westbrook, W.J. Pitz, An experimental and kinetic modeling study of the oxidation of hexane isomers: Developing consistent reaction rate rules for alkanes, Combust. Flame 206 (2019) 123-137.",
11_P_T,,,P,T,,,2.52E+08,1.32,27900,,"S.M. Villano, L.K. Huynh, H.-H. Carstensen, A.M. Dean, J. Phys. Chem. A 115 (46) (2011) 13425-13442.",
11_S_P,,,S,P,,,1.20E+09,1.13,30600,,,
11_S_S,,,S,S,,,3.08E+09,1.01,29362,,,
11_S_T,,,S,T,,,7.00E+10,0.71,30100,,,
11_T_P,,,T,P,,,4.08E+09,0.89,29500,,,
11_T_S,,,T,S,,,5.62E+10,0.58,29600,,,
11_T_T,,,T,T,,,1.25E+13,0.02,29700,,,
,,,,,,,,,,,,
12,Ether from QOOH,,C-OOH type,radical type,ring,correction,,,,,"K. Zhang, C. Banyon, U. Burke, G. Kukkadapu, S.W. Wagnon, M. Mehl, H.J. Curran, C.K. Westbrook, W.J. Pitz, An experimental and kinetic modeling study of the oxidation of hexane isomers: Developing consistent reaction rate rules for alkanes, Combust. Flame 206 (2019) 123-137.",
12_P_S_3_none,,,P,S,3,none,3.55E+12,0,10714,,"S.M. Villano, L.K. Huynh, H.-H. Carstensen, A.M. Dean, J. Phys. Chem. A 116 (21) (2012) 5068-5089.",
12_P_T_3_none,,,P,T,3,none,3.55E+12,0,9358.7,,,
12_S_P_3_none,,,S,P,3,none,3.55E+12,0,12371.9,,,
12_S_S_3_none,,,S,S,3,none,1.78E+12,0,12701.9,,,
12_S_T_3_none,,,S,T,3,none,3.55E+12,0,8378.5,,,
12_T_P_3_none,,,T,P,3,none,7.10E+12,0,12654.6,,,
12_T_S_3_none,,,T,S,3,none,3.55E+12,0,11984.6,,,
12_T_T_3_none,,,T,T,3,none,3.55E+12,0,10629.3,,,
12_P_P_4_none,,,P,P,4,none,9.51E+11,0,16011.7,,,
12_P_S_4_none,,,P,S,4,none,9.51E+11,0,16619.7,,,
12_P_T_4_none,,,P,T,4,none,1.27E+12,0,14704.3,,,
12_S_P_4_none,,,S,P,4,none,6.34E+11,0,17334.2,,,
12_S_S_4_none,,,S,S,4,none,6.34E+11,0,17612.1,,,
12_S_T_4_none,,,S,T,4,none,1.27E+12,0,15304.8,,,
12_T_P_4_none,,,T,P,4,none,6.34E+11,0,17531.8,,,
12_T_S_4_none,,,T,S,4,none,6.34E+11,0,17417.8,,,
12_T_T_4_none,,,T,T,4,none,6.34E+11,0,17417.8,,,
12_P_P_5_none,,,P,P,5,none,5.54E+10,0,8760,,,
12_P_S_5_none,,,P,S,5,none,2.77E+10,0,10501.1,,,
12_P_T_5_none,,,P,T,5,none,5.54E+10,0,9540.1,,,
12_S_P_5_none,,,S,P,5,none,2.77E+10,0,11572.8,,,
12_S_S_5_none,,,S,S,5,none,2.77E+10,0,11489.7,,,
12_S_T_5_none,,,S,T,5,none,5.54E+10,0,9540.1,,,
12_T_P_5_none,,,T,P,5,none,5.54E+10,0,12781.3,,,
12_T_S_5_none,,,T,S,5,none,5.54E+10,0,11489.7,,,
12_T_T_5_none,,,T,T,5,none,5.54E+10,0,9540.1,,,
12_P_P_4_T,,,P,P,4,T,9.51E+11,0,16011.7,,,
12_P_S_4_T,,,P,S,4,T,9.51E+11,0,16619.7,,,
12_P_T_4_T,,,P,T,4,T,1.27E+12,0,14704.3,,,
12_S_P_4_T,,,S,P,4,T,6.34E+11,0,17334.2,,,
12_S_S_4_T,,,S,S,4,T,6.34E+11,0,17612.1,,,
12_S_T_4_T,,,S,T,4,T,1.27E+12,0,15304.8,,,
12_T_P_4_T,,,T,P,4,T,6.34E+11,0,17531.8,,,
12_T_S_4_T,,,T,S,4,T,6.34E+11,0,17417.8,,,
12_T_T_4_T,,,T,T,4,T,6.34E+11,0,17417.8,,,
12_P_P_4_Q,,,P,P,4,Q,9.51E+11,0,16011.7,,,
12_P_S_4_Q,,,P,S,4,Q,9.51E+11,0,16619.7,,,
12_P_T_4_Q,,,P,T,4,Q,1.27E+12,0,14704.3,,,
12_S_P_4_Q,,,S,P,4,Q,6.34E+11,0,17334.2,,,
12_S_S_4_Q,,,S,S,4,Q,6.34E+11,0,17612.1,,,
12_S_T_4_Q,,,S,T,4,Q,1.27E+12,0,15304.8,,,
12_T_P_4_Q,,,T,P,4,Q,6.34E+11,0,17531.8,,,
12_T_S_4_Q,,,T,S,4,Q,6.34E+11,0,17417.8,,,
12_T_T_4_Q,,,T,T,4,Q,6.34E+11,0,17417.8,,,
,,,,,,,,,,,,
13,QOOH beta decomposition,,C-OOH type,radical type,,,,,,,"K. Zhang, C. Banyon, U. Burke, G. Kukkadapu, S.W. Wagnon, M. Mehl, H.J. Curran, C.K. Westbrook, W.J. Pitz, An experimental and kinetic modeling study of the oxidation of hexane isomers: Developing consistent reaction rate rules for alkanes, Combust. Flame 206 (2019) 123-137.",
13_beta_P_S,beta-QOOH,,P,S,,,5.63E+09,0.97,15000,,"S.M. Villano, L.K. Huynh, H.-H. Carstensen, A.M. Dean, J. Phys. Chem. A 116 (21) (2012) 5068-5089.",
13_beta_P_T,,,P,T,,,8.38E+09,0.92,14500,,,
13_beta_S_P,,,S,P,,,1.78E+12,0.24,15700,,,
13_beta_S_S,,,S,S,,,3.50E+11,0.37,14900,,,
13_beta_S_T,,,S,T,,,7.82E+09,0.9,14900,,,
13_beta_T_P,,,T,P,,,3.89E+13,-0.15,15500,,,
13_beta_T_S,,,T,S,,,3.01E+11,0.35,15200,,,
13_beta_T_T,,,T,T,,,3.01E+11,0.35,15200,,,
,,,C-OOH type,radical type,,,,,,,"K. Zhang, C. Banyon, U. Burke, G. Kukkadapu, S.W. Wagnon, M. Mehl, H.J. Curran, C.K. Westbrook, W.J. Pitz, An experimental and kinetic modeling study of the oxidation of hexane isomers: Developing consistent reaction rate rules for alkanes, Combust. Flame 206 (2019) 123-137.",
13_gamma_P_P,gamma-QOOH,,P,P,,,3.08E+13,0,26620.5,,"S.M. Villano, L.K. Huynh, H.-H. Carstensen, A.M. Dean, J. Phys. Chem. A 116 (21) (2012) 5068-5089.",
13_gamma_P_S,,,P,S,,,3.08E+13,0,27351.9,,,
13_gamma_P_T,,,P,T,,,3.08E+13,0,26297.1,,,
13_gamma_S_P,,,S,P,,,3.08E+13,0,24615.5,,,
13_gamma_S_S,,,S,S,,,3.08E+13,0,24909.5,,,
13_gamma_S_T,,,S,T,,,3.08E+13,0,24262.9,,,
13_gamma_T_P,,,T,P,,,3.08E+13,0,23691.6,,,
13_gamma_T_S,,,T,S,,,3.08E+13,0,24635.1,,,
13_gamma_T_T,,,T,T,,,3.08E+13,0,24635.1,,,
,,,C-OOH type,radical type,,,,,,,"K. Zhang, C. Banyon, U. Burke, G. Kukkadapu, S.W. Wagnon, M. Mehl, H.J. Curran, C.K. Westbrook, W.J. Pitz, An experimental and kinetic modeling study of the oxidation of hexane isomers: Developing consistent reaction rate rules for alkanes, Combust. Flame 206 (2019) 123-137.",
13_delta_P_P,delta-QOOH,,P,P,,,1.39E+14,0,25690,,"S.M. Villano, L.K. Huynh, H.-H. Carstensen, A.M. Dean, J. Phys. Chem. A 116 (21) (2012) 5068-5089.",
13_delta_P_S,,,P,S,,,1.39E+14,0,28090,,,
13_delta_P_T,,,P,T,,,1.39E+14,0,28040.3,,,
13_delta_S_P,,,S,P,,,1.39E+14,0,28136.4,,,
13_delta_S_S,,,S,S,,,1.39E+14,0,29612.2,,,
13_delta_S_T,,,S,T,,,1.39E+14,0,29612.2,,,
13_delta_T_P,,,T,P,,,1.39E+14,0,29578.4,,,
13_delta_T_S,,,T,S,,,1.39E+14,0,29612.2,,,
13_delta_T_T,,,T,T,,,1.39E+14,0,28040.3,,,
,,,,,,,,,,,,
14,isomerization OOQOOH,,C-OO type,C-H type,ring type,,,,,,"K. Zhang, C. Banyon, U. Burke, G. Kukkadapu, S.W. Wagnon, M. Mehl, H.J. Curran, C.K. Westbrook, W.J. Pitz, An experimental and kinetic modeling study of the oxidation of hexane isomers: Developing consistent reaction rate rules for alkanes, Combust. Flame 206 (2019) 123-137.",
14_P_P_5,per hydrogen in CH,,P,P,5,,1.41E+11,0.2,34200,,"S. Sharma, S. Raman, W.H. Green, J. Phys. Chem. A 114 (18) (2010) 5689-5701",
14_P_S_5,,,P,S,5,,2.01E+08,1.1,30100,,,
14_P_T_5,,,P,T,5,,2.31E+09,0.8,27100,,,
14_S_P_5,,,S,P,5,,4.86E+08,1.1,33500,,,
14_S_S_5,,,S,S,5,,8.58E+08,0.9,29500,,,
14_S_T_5,,,S,T,5,,7.45E+09,0.6,27300,,,
14_T_P_5,,,T,P,5,,5.02E+08,1.2,33500,,,
14_T_S_5,,,T,S,5,,3.26E+09,0.7,30100,,,
14_T_T_5,,,T,T,5,,3.47E+10,0.4,26400,,,
14_P_P_6,,,P,P,6,,1.19E+06,1.6,21000,,,
14_P_S_6,,,P,S,6,,6.80E+06,1.3,18200,,,
14_P_T_6,,,P,T,6,,1.23E+07,1.2,15400,,,
14_S_P_6,,,S,P,6,,4.80E+06,1.4,20800,,,
14_S_S_6,,,S,S,6,,3.52E+10,0.2,18500,,,
14_S_T_6,,,S,T,6,,6.15E+06,1.2,15400,,,
14_T_P_6,,,T,P,6,,5.01E+07,1.1,21900,,,
14_T_S_6,,,T,S,6,,1.76E+10,0.2,18500,,,
14_T_T_6,,,T,T,6,,6.15E+06,1.2,15400,,,
14_P_P_7,,,P,P,7,,4.11E+05,1.5,20000,,,
14_P_S_7,,,P,S,7,,1.86E+06,1.2,16600,,,
14_P_T_7,,,P,T,7,,1.71E+06,1.2,13800,,,
14_S_P_7,,,S,P,7,,4.11E+05,1.5,20000,,,
14_S_S_7,,,S,S,7,,1.86E+06,1.2,16600,,,
14_S_T_7,,,S,T,7,,1.71E+06,1.2,13800,,,
14_T_P_7,,,T,P,7,,4.11E+05,1.5,20000,,,
14_T_S_7,,,T,S,7,,1.86E+06,1.2,16600,,,
14_T_T_7,,,T,T,7,,1.71E+06,1.2,13800,,,
,,,,,,,,,,,,
-14,P(OOH)2 isomerization,,C-OO type,C-H type,ring type,,,,,,"S.M. Villano, L.K. Huynh, H.-H. Carstensen, A.M. Dean, High-Pressure Rate Rules for Alkyl + O2 Reactions. 2. The Isomerization, Cyclic Ether Formation, and ?-Scission Reactions of Hydroperoxy Alkyl Radicals, J. Phys. Chem. A 116 (2012) 5068-5089.",
-14_P_P_5,,,P,P,5,,9.13E+07,0.99,13800,,,
-14_P_S_5,,,P,S,5,,1.16E+06,1.5,13900,,,
-14_P_T_5,,,P,T,5,,1.67E+04,2.01,13500,,,
-14_S_P_5,,,S,P,5,,9.13E+07,0.99,13800,,,
-14_S_S_5,,,S,S,5,,1.16E+06,1.5,13900,,,
-14_S_T_5,,,S,T,5,,1.67E+04,2.01,13500,,,
-14_T_P_5,,,T,P,5,,9.13E+07,0.99,13800,,,
-14_T_S_5,,,T,S,5,,1.16E+06,1.5,13900,,,
-14_T_T_5,,,T,T,5,,1.67E+04,2.01,13500,,,
-14_P_P_6,,,P,P,6,,2.77E+08,0.62,4800,,,
-14_P_S_6,,,P,S,6,,3.58E+07,0.86,5000,,,
-14_P_T_6,,,P,T,6,,5.97E+05,1.32,4400,,,
-14_S_P_6,,,S,P,6,,2.77E+08,0.62,4800,,,
-14_S_S_6,,,S,S,6,,3.58E+07,0.86,5000,,,
-14_S_T_6,,,S,T,6,,5.97E+05,1.32,4400,,,
-14_T_P_6,,,T,P,6,,2.77E+08,0.62,4800,,,
-14_T_S_6,,,T,S,6,,3.58E+07,0.86,5000,,,
-14_T_T_6,,,T,T,6,,5.97E+05,1.32,4400,,,
-14_P_P_7,,,P,P,7,,2.22E+07,0.69,4200,,,
-14_P_S_7,,,P,S,7,,1.69E+05,1.29,3200,,,
-14_P_T_7,,,P,T,7,,1.59E+06,0.98,3600,,,
-14_S_P_7,,,S,P,7,,2.22E+07,0.69,4200,,,
-14_S_S_7,,,S,S,7,,1.69E+05,1.29,3200,,,
-14_S_T_7,,,S,T,7,,1.59E+06,0.98,3600,,,
-14_T_P_7,,,T,P,7,,2.22E+07,0.69,4200,,,
-14_T_S_7,,,T,S,7,,1.69E+05,1.29,3200,,,
-14_T_T_7,,,T,T,7,,1.59E+06,0.98,3600,,,
,,,,,,,,,,,,
15,OOQOOH => olefin-OOH + OH2,,C-OO type,C-H type,,,,,,,"K. Zhang, C. Banyon, U. Burke, G. Kukkadapu, S.W. Wagnon, M. Mehl, H.J. Curran, C.K. Westbrook, W.J. Pitz, An experimental and kinetic modeling study of the oxidation of hexane isomers: Developing consistent reaction rate rules for alkanes, Combust. Flame 206 (2019) 123-137.",
15_P_S,per C-H number of hydrogens,,P,S,,,1.94E+07,1.58,28500,,"S.M. Villano, L.K. Huynh, H.-H. Carstensen, A.M. Dean, J. Phys. Chem. A 115 (46) (2011) 13425-13442.",
15_P_T,,,P,T,,,2.52E+08,1.32,27900,,,
15_S_P,,,S,P,,,1.20E+09,1.13,30600,,,
15_S_S,,,S,S,,,3.08E+09,1.01,29362,,,
15_S_T,,,S,T,,,7.00E+10,0.71,30100,,,
15_T_P,,,T,P,,,4.08E+09,0.89,29500,,,
15_T_S,,,T,S,,,5.62E+10,0.58,29600,,,
15_T_T,,,T,T,,,1.25E+13,0.02,29700,,,
,,,,,,,,,,,,
16,Ether-OOH from P(OOH)2,,C-OOH type,radical type,ring,,,,,,"K. Zhang, C. Banyon, U. Burke, G. Kukkadapu, S.W. Wagnon, M. Mehl, H.J. Curran, C.K. Westbrook, W.J. Pitz, An experimental and kinetic modeling study of the oxidation of hexane isomers: Developing consistent reaction rate rules for alkanes, Combust. Flame 206 (2019) 123-137.",
16_P_S_3,,,P,S,3,,3.55E+12,0,10714,,"S.M. Villano, L.K. Huynh, H.-H. Carstensen, A.M. Dean, J. Phys. Chem. A 116 (21) (2012) 5068-5089.",
16_P_T_3,,,P,T,3,,3.55E+12,0,9358.7,,,
16_S_P_3,,,S,P,3,,3.55E+12,0,12371.9,,,
16_S_S_3,,,S,S,3,,1.78E+12,0,12701.9,,,
16_S_T_3,,,S,T,3,,3.55E+12,0,8378.5,,,
16_T_P_3,,,T,P,3,,7.10E+12,0,12654.6,,,
16_T_S_3,,,T,S,3,,3.55E+12,0,11984.6,,,
16_T_T_3,,,T,T,3,,3.55E+12,0,10629.3,,,
16_P_P_4,,,P,P,4,,9.51E+11,0,16011.7,,,
16_P_S_4,,,P,S,4,,9.51E+11,0,16619.7,,,
16_P_T_4,,,P,T,4,,1.27E+12,0,14704.3,,,
16_S_P_4,,,S,P,4,,6.34E+11,0,17334.2,,,
16_S_S_4,,,S,S,4,,6.34E+11,0,17612.1,,,
16_S_T_4,,,S,T,4,,1.27E+12,0,15304.8,,,
16_T_P_4,,,T,P,4,,6.34E+11,0,17531.8,,,
16_T_S_4,,,T,S,4,,6.34E+11,0,17417.8,,,
16_T_T_4,,,T,T,4,,6.34E+11,0,17417.8,,,
16_P_P_5,,,P,P,5,,5.54E+10,0,8760,,,
16_P_S_5,,,P,S,5,,2.77E+10,0,10501.1,,,
16_P_T_5,,,P,T,5,,5.54E+10,0,9540.1,,,
16_S_P_5,,,S,P,5,,2.77E+10,0,11572.8,,,
16_S_S_5,,,S,S,5,,2.77E+10,0,11489.7,,,
16_S_T_5,,,S,T,5,,5.54E+10,0,9540.1,,,
16_T_P_5,,,T,P,5,,5.54E+10,0,12781.3,,,
16_T_S_5,,,T,S,5,,5.54E+10,0,11489.7,,,
16_T_T_5,,,T,T,5,,5.54E+10,0,9540.1,,,
,,,,,,,,,,,,
17,P(OOH)2 decomposition,,C-OOH type,radical type,,,,,,,"K. Zhang, C. Banyon, U. Burke, G. Kukkadapu, S.W. Wagnon, M. Mehl, H.J. Curran, C.K. Westbrook, W.J. Pitz, An experimental and kinetic modeling study of the oxidation of hexane isomers: Developing consistent reaction rate rules for alkanes, Combust. Flame 206 (2019) 123-137.",
17_beta_P_S,beta-P(OOH)2,,P,S,,,5.63E+09,0.97,15000,,"S.M. Villano, L.K. Huynh, H.-H. Carstensen, A.M. Dean, J. Phys. Chem. A 116 (21) (2012) 5068-5089.",
17_beta_P_T,,,P,T,,,8.38E+09,0.92,14500,,,
17_beta_S_P,,,S,P,,,1.78E+12,0.24,15700,,,
17_beta_S_S,,,S,S,,,3.50E+11,0.37,14900,,,
17_beta_S_T,,,S,T,,,7.82E+09,0.9,14900,,,
17_beta_T_P,,,T,P,,,3.89E+13,-0.15,15500,,,
17_beta_T_S,,,T,S,,,3.01E+11,0.35,15200,,,
17_beta_T_T,,,T,T,,,3.01E+11,0.35,15200,,,
,,,C-OOH type,radical type,,,,,,,"K. Zhang, C. Banyon, U. Burke, G. Kukkadapu, S.W. Wagnon, M. Mehl, H.J. Curran, C.K. Westbrook, W.J. Pitz, An experimental and kinetic modeling study of the oxidation of hexane isomers: Developing consistent reaction rate rules for alkanes, Combust. Flame 206 (2019) 123-137.",
17_gamma_P_P,gamma-P(OOH)2,,P,P,,,3.08E+13,0,26620.5,,"S.M. Villano, L.K. Huynh, H.-H. Carstensen, A.M. Dean, J. Phys. Chem. A 116 (21) (2012) 5068-5089.",
17_gamma_P_S,,,P,S,,,3.08E+13,0,27351.9,,,
17_gamma_P_T,,,P,T,,,3.08E+13,0,26297.1,,,
17_gamma_S_P,,,S,P,,,3.08E+13,0,24615.5,,,
17_gamma_S_S,,,S,S,,,3.08E+13,0,24909.5,,,
17_gamma_S_T,,,S,T,,,3.08E+13,0,24262.9,,,
17_gamma_T_P,,,T,P,,,3.08E+13,0,23691.6,,,
17_gamma_T_S,,,T,S,,,3.08E+13,0,24635.1,,,
17_gamma_T_T,,,T,T,,,3.08E+13,0,24635.1,,,
,,,C-OOH type,radical type,,,,,,,"K. Zhang, C. Banyon, U. Burke, G. Kukkadapu, S.W. Wagnon, M. Mehl, H.J. Curran, C.K. Westbrook, W.J. Pitz, An experimental and kinetic modeling study of the oxidation of hexane isomers: Developing consistent reaction rate rules for alkanes, Combust. Flame 206 (2019) 123-137.",
17_delta_P_P,delta-P(OOH)2,,P,P,,,1.39E+14,0,25690,,"S.M. Villano, L.K. Huynh, H.-H. Carstensen, A.M. Dean, J. Phys. Chem. A 116 (21) (2012) 5068-5089.",
17_delta_P_S,,,P,S,,,1.39E+14,0,28090,,,
17_delta_P_T,,,P,T,,,1.39E+14,0,28040.3,,,
17_delta_S_P,,,S,P,,,1.39E+14,0,28136.4,,,
17_delta_S_S,,,S,S,,,1.39E+14,0,29612.2,,,
17_delta_S_T,,,S,T,,,1.39E+14,0,29612.2,,,
17_delta_T_P,,,T,P,,,1.39E+14,0,29578.4,,,
17_delta_T_S,,,T,S,,,1.39E+14,0,29612.2,,,
17_delta_T_T,,,T,T,,,1.39E+14,0,28040.3,,,
,,,,,,,,,,,,
18,Olefin-OOH to OH + products,,C-OOH type,,,,,,,,"K. Zhang, C. Banyon, U. Burke, G. Kukkadapu, S.W. Wagnon, M. Mehl, H.J. Curran, C.K. Westbrook, W.J. Pitz, An experimental and kinetic modeling study of the oxidation of hexane isomers: Developing consistent reaction rate rules for alkanes, Combust. Flame 206 (2019) 123-137.",
18_P,,,P,,,,1.50E+16,0,40800,,"K. Zhang, C. Banyon, J. Bugler, H.J. Curran, A. Rodriguez, O. Herbinet, F. Battin-Leclerc, C. B'Chir, K.A. Heufer, Combust. Flame 172 (2016) 116-135.",
18_S,,,S,,,,1.05E+16,0,41800,,,
18_T,,,T,,,,6.00E+15,0,41300,,,
,,,,,,,,,,,,
19,cyclic-ether-OOH to OH + products,,C-OOH type,,,,,,,,"K. Zhang, C. Banyon, U. Burke, G. Kukkadapu, S.W. Wagnon, M. Mehl, H.J. Curran, C.K. Westbrook, W.J. Pitz, An experimental and kinetic modeling study of the oxidation of hexane isomers: Developing consistent reaction rate rules for alkanes, Combust. Flame 206 (2019) 123-137.",
19_P,,,P,,,,1.50E+16,0,40800,,"K. Zhang, C. Banyon, J. Bugler, H.J. Curran, A. Rodriguez, O. Herbinet, F. Battin-Leclerc, C. B'Chir, K.A. Heufer, Combust. Flame 172 (2016) 116-135.",
19_S,,,S,,,,1.05E+16,0,41800,,,
19_T,,,T,,,,6.00E+15,0,41300,,,
,,,,,,,,,,,,
20,cyc-ether+OH=>products+H2O,,,,,,,,,,,
20,,,,,,,2.50E+12,0.00E+00,0,,"K. Zhang, C. Banyon, U. Burke, G. Kukkadapu, S.W. Wagnon, M. Mehl, H.J. Curran, C.K. Westbrook, W.J. Pitz, An experimental and kinetic modeling study of the oxidation of hexane isomers: Developing consistent reaction rate rules for alkanes, Combust. Flame 206 (2019) 123-137.",
,,,,,,,,,,,,
21,olefins+OH=>allylic radical + H2O,,type of radical syte (before isomerization),,,,,,,,,
21_P,per H,,P,,,,1.04E+06,2,-298,,"K. Zhang, C. Banyon, U. Burke, G. Kukkadapu, S.W. Wagnon, M. Mehl, H.J. Curran, C.K. Westbrook, W.J. Pitz, An experimental and kinetic modeling study of the oxidation of hexane isomers: Developing consistent reaction rate rules for alkanes, Combust. Flame 206 (2019) 123-137.",
21_S,,,S,,,,1.38E+04,2.64,-1919,,,
21_T,,,T,,,,6.14E+02,3.2,-3500,,,
,,,,,,,,,,,,
22,allylic radical+H2O=>alkenyl RO + OH,,,,,,,,,,,
22,,,,,,,8.61E+27,-4.63,6415,,"K. Zhang, C. Banyon, U. Burke, G. Kukkadapu, S.W. Wagnon, M. Mehl, H.J. Curran, C.K. Westbrook, W.J. Pitz, An experimental and kinetic modeling study of the oxidation of hexane isomers: Developing consistent reaction rate rules for alkanes, Combust. Flame 206 (2019) 123-137.",
,,,,,,,,,,,,
23,alkenyl RO decomposition,,C type,,,,,,,,,
23_P,,,P,,,,1.20E+16,-1.1,9941,,"K. Zhang, C. Banyon, U. Burke, G. Kukkadapu, S.W. Wagnon, M. Mehl, H.J. Curran, C.K. Westbrook, W.J. Pitz, An experimental and kinetic modeling study of the oxidation of hexane isomers: Developing consistent reaction rate rules for alkanes, Combust. Flame 206 (2019) 123-137.",
23_S,,,S,,,,1.43E+20,-2.04,11230,,"K. Zhang, C. Banyon, U. Burke, G. Kukkadapu, S.W. Wagnon, M. Mehl, H.J. Curran, C.K. Westbrook, W.J. Pitz, An experimental and kinetic modeling study of the oxidation of hexane isomers: Developing consistent reaction rate rules for alkanes, Combust. Flame 206 (2019) 123-137.",
23_T,,,T,,,,1.43E+20,-2.04,9230,,est,
23_Q,,,Q,,,,1.43E+20,-2.04,7230,,est,
,,,,,,,,,,,,
24,aldehydes decomposition,,,,,,,,,,,
24,,,,,,,3.37E+12,0,-619,,"K. Zhang, C. Banyon, U. Burke, G. Kukkadapu, S.W. Wagnon, M. Mehl, H.J. Curran, C.K. Westbrook, W.J. Pitz, An experimental and kinetic modeling study of the oxidation of hexane isomers: Developing consistent reaction rate rules for alkanes, Combust. Flame 206 (2019) 123-137.",
